brand_name,price,has_5g,processor_brand,has_nfc,internal_memory,refresh_rate,ram_capacity
ONEPLUS,54999,TRUE,SNAPDRAGON,TRUE,256,120,12
ONEPLUS,19989,TRUE,SNAPDRAGON,FALSE,128,120,6
SAMSUNG,16499,TRUE,EXYNOS,FALSE,64,90,4
MOTOROLA,14999,TRUE,SNAPDRAGON,FALSE,128,120,6
REALME,24999,TRUE,DIMENSITY,FALSE,128,120,6
SAMSUNG,16999,TRUE,SNAPDRAGON,TRUE,128,120,6
XIAOMI,29999,TRUE,DIMENSITY,FALSE,256,120,8
NOTHING,26749,TRUE,SNAPDRAGON,TRUE,128,120,8
ONEPLUS,28999,TRUE,DIMENSITY,TRUE,128,90,8
REALME,18999,TRUE,SNAPDRAGON,FALSE,128,120,6
OPPO,18999,TRUE,DIMENSITY,TRUE,128,90,8
XIAOMI,24762,TRUE,DIMENSITY,FALSE,128,120,6
VIVO,16990,TRUE,SNAPDRAGON,FALSE,128,120,6
APPLE,62999,TRUE,BIONIC,TRUE,128,60,4
VIVO,9999,FALSE,HELIO,FALSE,32,60,3
OPPO,45999,TRUE,SNAPDRAGON,TRUE,256,120,16
ONEPLUS,32999,TRUE,DIMENSITY,TRUE,128,120,8
VIVO,14499,FALSE,HELIO,FALSE,64,60,4
ONEPLUS,39999,TRUE,SNAPDRAGON,TRUE,128,120,8
VIVO,35999,TRUE,DIMENSITY,FALSE,128,120,8
POCO,14999,TRUE,SNAPDRAGON,FALSE,64,120,6
XIAOMI,17859,TRUE,SNAPDRAGON,FALSE,128,120,4
VIVO,42990,TRUE,DIMENSITY,TRUE,256,120,12
SAMSUNG,31239,TRUE,SNAPDRAGON,TRUE,128,120,8
ONEPLUS,21995,TRUE,SNAPDRAGON,FALSE,128,120,8
VIVO,27999,TRUE,DIMENSITY,FALSE,128,90,8
REALME,19999,TRUE,SNAPDRAGON,FALSE,128,120,8
POCO,20999,TRUE,SNAPDRAGON,TRUE,128,120,6
VIVO,27990,TRUE,DIMENSITY,FALSE,256,120,8
APPLE,38999,FALSE,BIONIC,TRUE,64,60,4
SAMSUNG,23790,TRUE,DIMENSITY,FALSE,128,120,6
SAMSUNG,39999,TRUE,EXYNOS,TRUE,128,120,8
OPPO,29990,TRUE,SNAPDRAGON,TRUE,256,120,8
XIAOMI,32999,TRUE,SNAPDRAGON,FALSE,128,120,6
OPPO,28499,TRUE,SNAPDRAGON,TRUE,256,120,8
ONEPLUS,21999,TRUE,SNAPDRAGON,TRUE,128,120,6
XIAOMI,19999,TRUE,SNAPDRAGON,FALSE,128,120,6
MOTOROLA,18999,TRUE,DIMENSITY,TRUE,128,90,6
REALME,27999,TRUE,DIMENSITY,FALSE,256,120,8
VIVO,18499,FALSE,SNAPDRAGON,FALSE,128,90,8
SAMSUNG,17478,TRUE,EXYNOS,TRUE,128,120,6
XIAOMI,11936,FALSE,SNAPDRAGON,FALSE,64,90,4
REALME,8950,FALSE,UNISOC,FALSE,32,60,3
VIVO,12489,FALSE,HELIO,FALSE,64,60,4
SAMSUNG,18999,TRUE,EXYNOS,FALSE,128,90,6
IQOO,29999,TRUE,DIMENSITY,TRUE,128,120,8
JIO,11990,TRUE,SNAPDRAGON,FALSE,32,90,4
MOTOROLA,18999,TRUE,SNAPDRAGON,TRUE,128,120,6
REALME,13999,FALSE,HELIO,FALSE,64,90,4
REALME,14965,TRUE,DIMENSITY,FALSE,64,90,4
APPLE,74999,TRUE,BIONIC,TRUE,128,60,6
XIAOMI,10999,FALSE,HELIO,FALSE,64,60,6
SAMSUNG,84990,TRUE,SNAPDRAGON,TRUE,256,120,8
MOTOROLA,10499,FALSE,SNAPDRAGON,FALSE,64,90,4
XIAOMI,17990,TRUE,DIMENSITY,TRUE,128,120,6
VIVO,29990,TRUE,SNAPDRAGON,TRUE,128,120,8
SAMSUNG,18499,FALSE,SNAPDRAGON,FALSE,128,60,6
VIVO,16499,FALSE,HELIO,FALSE,128,60,6
POCO,14999,TRUE,DIMENSITY,FALSE,128,90,6
VIVO,35499,TRUE,DIMENSITY,TRUE,256,120,8
ONEPLUS,60999,TRUE,SNAPDRAGON,TRUE,128,120,8
XIAOMI,32999,TRUE,DIMENSITY,FALSE,256,120,12
SAMSUNG,15999,TRUE,SNAPDRAGON,TRUE,128,120,4
OPPO,9499,FALSE,HELIO,FALSE,64,60,3
VIVO,27994,TRUE,DIMENSITY,FALSE,256,90,12
IQOO,13989,TRUE,SNAPDRAGON,FALSE,64,120,4
ONEPLUS,44999,TRUE,SNAPDRAGON,TRUE,128,120,8
XIAOMI,13999,TRUE,DIMENSITY,FALSE,128,90,6
APPLE,119900,TRUE,BIONIC,TRUE,128,120,6
OPPO,27660,TRUE,SNAPDRAGON,FALSE,128,120,8
XIAOMI,8388,FALSE,HELIO,FALSE,64,60,4
MOTOROLA,15999,FALSE,HELIO,TRUE,128,120,6
SAMSUNG,20999,TRUE,EXYNOS,FALSE,128,90,8
REALME,13999,TRUE,DIMENSITY,FALSE,64,90,4
VIVO,19990,TRUE,SNAPDRAGON,FALSE,128,120,8
SAMSUNG,13999,TRUE,DIMENSITY,FALSE,128,90,6
MOTOROLA,22999,TRUE,SNAPDRAGON,TRUE,128,144,6
SAMSUNG,22999,TRUE,SNAPDRAGON,FALSE,128,120,6
OPPO,16999,TRUE,DIMENSITY,FALSE,128,90,8
XIAOMI,14290,FALSE,SNAPDRAGON,FALSE,128,90,6
VIVO,13489,FALSE,HELIO,FALSE,64,60,4
ONEPLUS,22990,TRUE,DIMENSITY,TRUE,128,120,8
MOTOROLA,16499,TRUE,SNAPDRAGON,FALSE,128,120,8
REALME,9999,FALSE,UNISOC,FALSE,64,60,4
REALME,12499,FALSE,SNAPDRAGON,FALSE,64,90,4
OPPO,12499,FALSE,HELIO,FALSE,64,60,4
IQOO,59999,TRUE,SNAPDRAGON,TRUE,256,144,8
VIVO,15990,TRUE,SNAPDRAGON,FALSE,128,120,4
XIAOMI,19999,TRUE,SNAPDRAGON,FALSE,128,120,6
MOTOROLA,23990,TRUE,SNAPDRAGON,FALSE,128,144,8
REALME,12999,TRUE,DIMENSITY,FALSE,128,90,8
OPPO,19990,TRUE,DIMENSITY,FALSE,128,60,8
VIVO,43999,TRUE,DIMENSITY,FALSE,256,144,12
SAMSUNG,49999,TRUE,SNAPDRAGON,TRUE,128,120,8
VIVO,15999,FALSE,SNAPDRAGON,FALSE,128,60,6
ONEPLUS,36999,TRUE,DIMENSITY,TRUE,256,120,12
TECNO,39999,TRUE,DIMENSITY,TRUE,256,120,8
XIAOMI,22999,TRUE,DIMENSITY,FALSE,128,144,6
SAMSUNG,31999,TRUE,EXYNOS,TRUE,128,120,6
OPPO,29340,TRUE,DIMENSITY,TRUE,128,90,8
SAMSUNG,25289,TRUE,DIMENSITY,FALSE,128,120,8
IQOO,21788,TRUE,SNAPDRAGON,FALSE,128,90,6
SAMSUNG,70990,TRUE,SNAPDRAGON,TRUE,128,120,8
MOTOROLA,34999,TRUE,SNAPDRAGON,TRUE,128,144,8
ONEPLUS,33900,TRUE,DIMENSITY,TRUE,256,90,12
INFINIX,18999,TRUE,DIMENSITY,FALSE,128,60,8
SAMSUNG,19499,TRUE,EXYNOS,TRUE,128,120,8
VIVO,24994,TRUE,DIMENSITY,FALSE,128,90,8
MOTOROLA,10999,FALSE,SNAPDRAGON,TRUE,64,60,4
ONEPLUS,24999,TRUE,SNAPDRAGON,FALSE,256,120,8
SAMSUNG,25999,TRUE,EXYNOS,TRUE,128,90,6
XIAOMI,13466,TRUE,DIMENSITY,FALSE,64,90,4
XIAOMI,9999,FALSE,SNAPDRAGON,FALSE,64,60,4
MOTOROLA,7999,FALSE,TIGER,FALSE,64,90,4
NOTHING,28249,TRUE,SNAPDRAGON,TRUE,256,120,8
POCO,16499,TRUE,SNAPDRAGON,FALSE,128,120,6
XIAOMI,22999,TRUE,SNAPDRAGON,FALSE,256,120,8
APPLE,46999,FALSE,BIONIC,TRUE,128,60,4
REALME,13999,FALSE,TIGER,FALSE,128,90,6
OPPO,13490,FALSE,SNAPDRAGON,FALSE,128,90,6
IQOO,28999,TRUE,SNAPDRAGON,FALSE,128,120,8
IQOO,15499,TRUE,SNAPDRAGON,FALSE,128,120,4
OPPO,39999,TRUE,DIMENSITY,TRUE,256,120,16
POCO,12999,TRUE,DIMENSITY,FALSE,64,90,4
ONEPLUS,14999,FALSE,SNAPDRAGON,FALSE,64,60,4
SAMSUNG,8499,FALSE,HELIO,FALSE,64,60,4
IQOO,24990,TRUE,SNAPDRAGON,TRUE,128,120,8
SAMSUNG,16999,TRUE,EXYNOS,TRUE,128,120,6
XIAOMI,9589,FALSE,SNAPDRAGON,FALSE,64,60,4
XIAOMI,19988,TRUE,SNAPDRAGON,FALSE,128,120,6
MOTOROLA,11999,FALSE,SNAPDRAGON,TRUE,64,90,4
OPPO,30990,TRUE,SNAPDRAGON,TRUE,128,120,8
INFINIX,19499,TRUE,DIMENSITY,FALSE,256,120,8
OPPO,25969,TRUE,SNAPDRAGON,FALSE,128,60,8
REALME,28999,TRUE,SNAPDRAGON,FALSE,128,120,6
REALME,14999,FALSE,SNAPDRAGON,FALSE,128,90,6
COLA,14999,FALSE,HELIO,FALSE,64,90,4
APPLE,129900,TRUE,BIONIC,TRUE,128,120,6
OPPO,58990,TRUE,SNAPDRAGON,TRUE,256,120,12
VIVO,41990,TRUE,DIMENSITY,TRUE,128,120,8
SAMSUNG,10999,FALSE,EXYNOS,TRUE,64,60,4
XIAOMI,11999,FALSE,HELIO,FALSE,128,60,6
REALME,16999,FALSE,HELIO,FALSE,128,90,8
IQOO,30990,TRUE,SNAPDRAGON,TRUE,128,120,8
INFINIX,17999,TRUE,DIMENSITY,FALSE,64,120,4
XIAOMI,20499,TRUE,SNAPDRAGON,FALSE,128,120,6
REALME,20490,TRUE,DIMENSITY,FALSE,128,90,6
OPPO,15490,TRUE,SNAPDRAGON,FALSE,128,90,6
APPLE,29990,FALSE,BIONIC,TRUE,64,60,3
IQOO,15499,TRUE,SNAPDRAGON,FALSE,128,120,6
XIAOMI,11999,FALSE,HELIO,FALSE,64,60,6
REALME,10999,FALSE,HELIO,FALSE,64,120,4
VIVO,21990,TRUE,DIMENSITY,FALSE,128,60,8
VIVO,31999,TRUE,DIMENSITY,FALSE,256,90,12
POCO,11999,FALSE,HELIO,FALSE,64,90,6
INFINIX,36999,TRUE,DIMENSITY,FALSE,256,120,8
TECNO,6999,FALSE,HELIO,FALSE,32,60,3
MOTOROLA,39999,TRUE,SNAPDRAGON,TRUE,128,165,8
SAMSUNG,14999,TRUE,SNAPDRAGON,TRUE,128,120,4
REALME,14499,TRUE,DIMENSITY,FALSE,128,90,8
ONEPLUS,27999,TRUE,DIMENSITY,TRUE,128,90,8
MOTOROLA,20499,TRUE,SNAPDRAGON,TRUE,128,120,8
IKALL,8099,FALSE,,FALSE,64,60,4
LEECO,10999,FALSE,TIGER,FALSE,128,60,8
REALME,3499,FALSE,HELIO,FALSE,32,60,3
SAMSUNG,34999,TRUE,SNAPDRAGON,FALSE,128,90,6
MOTOROLA,39999,TRUE,SNAPDRAGON,TRUE,128,144,8
REALME,11828,FALSE,TIGER,FALSE,64,60,4
OPPO,45999,TRUE,DIMENSITY,TRUE,256,120,12
ONEPLUS,18999,TRUE,SNAPDRAGON,FALSE,128,120,6
POCO,17999,TRUE,SNAPDRAGON,FALSE,128,120,8
SAMSUNG,8499,FALSE,HELIO,FALSE,64,60,4
OPPO,17999,FALSE,SNAPDRAGON,FALSE,128,90,8
SAMSUNG,14450,FALSE,,FALSE,64,60,4
MOTOROLA,12999,FALSE,SNAPDRAGON,TRUE,128,90,6
POCO,11499,TRUE,DIMENSITY,FALSE,64,90,4
NOTHING,35999,TRUE,SNAPDRAGON,TRUE,256,120,12
TECNO,11999,FALSE,HELIO,FALSE,128,90,8
XIAOMI,27994,TRUE,DIMENSITY,FALSE,256,120,8
VIVO,39999,TRUE,DIMENSITY,FALSE,256,120,12
REALME,15499,TRUE,DIMENSITY,FALSE,128,90,6
REALME,18999,TRUE,SNAPDRAGON,FALSE,128,120,6
LAVA,10999,TRUE,DIMENSITY,FALSE,128,90,4
HONOR,27999,TRUE,SNAPDRAGON,TRUE,256,120,8
TECNO,9999,FALSE,HELIO,FALSE,64,90,4
VIVO,31994,TRUE,DIMENSITY,FALSE,128,90,8
SAMSUNG,9299,FALSE,HELIO,FALSE,32,60,3
XIAOMI,29990,TRUE,SNAPDRAGON,TRUE,128,120,8
REALME,25900,TRUE,DIMENSITY,FALSE,128,90,6
REALME,16999,TRUE,DIMENSITY,FALSE,128,90,6
MOTOROLA,24999,TRUE,SNAPDRAGON,TRUE,128,144,8
XIAOMI,12188,FALSE,SNAPDRAGON,FALSE,64,90,6
POCO,7499,FALSE,HELIO,FALSE,64,60,4
REALME,17999,TRUE,DIMENSITY,FALSE,128,90,6
REALME,24999,TRUE,SNAPDRAGON,FALSE,128,120,6
OPPO,45999,TRUE,DIMENSITY,TRUE,256,120,12
IQOO,58990,TRUE,SNAPDRAGON,TRUE,256,144,8
VIVO,11999,FALSE,SNAPDRAGON,FALSE,64,90,4
XIAOMI,11999,FALSE,SNAPDRAGON,FALSE,128,60,8
OPPO,18990,TRUE,DIMENSITY,FALSE,128,90,6
VIVO,14499,FALSE,SNAPDRAGON,FALSE,128,60,4
VIVO,10499,FALSE,HELIO,FALSE,64,60,3
OPPO,26990,TRUE,SNAPDRAGON,TRUE,256,60,8
VIVO,19990,FALSE,HELIO,FALSE,128,60,8
XIAOMI,24999,TRUE,DIMENSITY,TRUE,256,120,8
OPPO,13969,FALSE,HELIO,FALSE,64,60,4
VIVO,24999,TRUE,SNAPDRAGON,FALSE,128,90,8
GOOGLE,53100,TRUE,GOOGLE,TRUE,128,90,8
XIAOMI,16999,TRUE,DIMENSITY,FALSE,128,90,6
OPPO,21899,FALSE,SNAPDRAGON,FALSE,128,90,8
APPLE,75999,TRUE,BIONIC,TRUE,256,60,6
MOTOROLA,25999,TRUE,DIMENSITY,TRUE,256,120,8
NUBIA,46990,TRUE,SNAPDRAGON,TRUE,128,120,8
MOTOROLA,9999,FALSE,HELIO,FALSE,64,60,4
TECNO,49999,TRUE,DIMENSITY,TRUE,256,120,12
INFINIX,17999,FALSE,HELIO,TRUE,128,90,8
IQOO,16940,TRUE,SNAPDRAGON,FALSE,128,120,6
XIAOMI,17990,TRUE,SNAPDRAGON,FALSE,64,120,6
OPPO,20990,TRUE,SNAPDRAGON,TRUE,128,120,8
SAMSUNG,64449,TRUE,SNAPDRAGON,TRUE,128,120,8
VIVO,8990,TRUE,SNAPDRAGON,FALSE,64,90,6
MOTOROLA,19999,FALSE,HELIO,TRUE,128,90,4
POCO,13499,TRUE,DIMENSITY,FALSE,128,90,6
TECNO,15499,TRUE,DIMENSITY,FALSE,128,120,8
POCO,6499,FALSE,HELIO,FALSE,32,60,3
SAMSUNG,36499,TRUE,EXYNOS,TRUE,256,120,8
INFINIX,15999,TRUE,DIMENSITY,FALSE,64,60,6
OPPO,31994,TRUE,DIMENSITY,TRUE,256,90,12
ONEPLUS,34999,TRUE,SNAPDRAGON,TRUE,128,120,8
REDMI,18999,FALSE,SNAPDRAGON,FALSE,128,120,6
NOTHING,39990,TRUE,SNAPDRAGON,TRUE,128,120,8
SAMSUNG,16499,FALSE,HELIO,FALSE,128,90,8
GOOGLE,54300,TRUE,GOOGLE,TRUE,128,120,12
INFINIX,9999,FALSE,HELIO,FALSE,64,60,4
XIAOMI,15990,TRUE,DIMENSITY,FALSE,128,90,6
XIAOMI,22700,TRUE,SNAPDRAGON,FALSE,128,120,8
XIAOMI,50990,TRUE,SNAPDRAGON,TRUE,256,120,8
APPLE,64900,TRUE,BIONIC,TRUE,128,60,4
TECNO,13799,FALSE,HELIO,FALSE,128,90,6
REALME,8999,FALSE,TIGER,FALSE,64,60,4
ASUS,89999,TRUE,SNAPDRAGON,TRUE,512,165,18
VIVO,21994,TRUE,DIMENSITY,FALSE,128,60,8
XIAOMI,12999,TRUE,DIMENSITY,FALSE,64,90,4
IQOO,24990,TRUE,DIMENSITY,TRUE,128,120,8
SAMSUNG,19990,FALSE,SNAPDRAGON,FALSE,128,60,8
XIAOMI,26999,TRUE,DIMENSITY,FALSE,128,120,8
XIAOMI,19999,TRUE,SNAPDRAGON,TRUE,128,120,8
INFINIX,16900,FALSE,HELIO,FALSE,256,60,8
INFINIX,19999,TRUE,DIMENSITY,FALSE,128,120,6
SAMSUNG,12999,FALSE,EXYNOS,FALSE,128,60,6
POCO,15999,TRUE,DIMENSITY,FALSE,128,90,8
XIAOMI,13999,FALSE,HELIO,FALSE,128,60,8
REALME,7749,FALSE,SC9863A,FALSE,64,60,4
SAMSUNG,24999,TRUE,SNAPDRAGON,FALSE,128,120,8
OPPO,25895,TRUE,SNAPDRAGON,FALSE,128,60,8
XIAOMI,46990,TRUE,SNAPDRAGON,TRUE,128,120,8
XIAOMI,7499,FALSE,HELIO,FALSE,32,60,3
VIVO,7790,FALSE,HELIO,FALSE,32,60,2
XIAOMI,25999,TRUE,DIMENSITY,FALSE,256,144,8
REALME,6299,FALSE,TIGER,FALSE,32,60,3
MOTOROLA,12999,TRUE,SNAPDRAGON,TRUE,64,120,4
XIAOMI,11999,FALSE,SNAPDRAGON,FALSE,128,60,6
XIAOMI,21890,TRUE,SNAPDRAGON,TRUE,128,90,6
SAMSUNG,69999,TRUE,SNAPDRAGON,TRUE,128,120,8
ONEPLUS,55999,TRUE,SNAPDRAGON,TRUE,256,120,16
SAMSUNG,14999,FALSE,,FALSE,128,60,4
OPPO,25994,TRUE,DIMENSITY,TRUE,256,90,8
ONEPLUS,42999,TRUE,SNAPDRAGON,TRUE,128,120,8
SAMSUNG,33499,TRUE,EXYNOS,TRUE,128,120,8
MOTOROLA,16999,TRUE,SNAPDRAGON,TRUE,128,60,6
VIVO,29990,TRUE,DIMENSITY,FALSE,128,120,8
SAMSUNG,12944,TRUE,DIMENSITY,FALSE,64,90,4
POCO,29990,TRUE,DIMENSITY,TRUE,128,144,8
HONOR,16999,TRUE,SNAPDRAGON,TRUE,128,60,8
IQOO,64999,TRUE,SNAPDRAGON,TRUE,256,144,16
ROYOLE,109999,TRUE,SNAPDRAGON,FALSE,128,60,8
APPLE,84999,TRUE,BIONIC,TRUE,256,60,6
SAMSUNG,27499,TRUE,EXYNOS,TRUE,128,90,8
TECNO,8999,FALSE,HELIO,FALSE,128,90,6
GOOGLE,40480,TRUE,GOOGLE,TRUE,128,90,8
XIAOMI,17999,FALSE,SNAPDRAGON,FALSE,128,120,6
INFINIX,8999,FALSE,HELIO,FALSE,64,90,4
VIVO,14999,FALSE,SNAPDRAGON,FALSE,128,90,6
OPPO,19990,TRUE,SNAPDRAGON,FALSE,128,90,8
IQOO,23399,TRUE,SNAPDRAGON,FALSE,128,90,8
REALME,22998,TRUE,SNAPDRAGON,FALSE,128,144,8
POCO,25999,TRUE,SNAPDRAGON,TRUE,128,120,6
INFINIX,11700,FALSE,HELIO,FALSE,64,60,4
MOTOROLA,15999,FALSE,SNAPDRAGON,TRUE,128,120,6
ONEPLUS,64800,TRUE,SNAPDRAGON,TRUE,128,120,8
XIAOMI,14590,FALSE,HELIO,FALSE,64,90,6
XIAOMI,7499,FALSE,HELIO,FALSE,64,60,4
TECNO,21999,TRUE,DIMENSITY,TRUE,128,120,8
SAMSUNG,11999,FALSE,HELIO,FALSE,64,60,4
POCO,12999,FALSE,HELIO,FALSE,128,90,6
ONEPLUS,20990,TRUE,SNAPDRAGON,TRUE,128,60,6
APPLE,72999,TRUE,BIONIC,TRUE,256,60,4
MOTOROLA,21999,TRUE,SNAPDRAGON,TRUE,128,120,4
MOTOROLA,9499,FALSE,HELIO,FALSE,64,90,4
XIAOMI,7499,FALSE,HELIO,FALSE,64,60,4
VIVO,18000,FALSE,HELIO,FALSE,32,60,4
XIAOMI,38999,TRUE,SNAPDRAGON,TRUE,128,120,8
VIVO,14990,FALSE,SNAPDRAGON,FALSE,128,90,8
OPPO,15499,FALSE,HELIO,FALSE,64,60,4
XIAOMI,9999,FALSE,HELIO,FALSE,128,60,6
POCO,29999,TRUE,SNAPDRAGON,TRUE,256,120,12
REALME,15999,FALSE,SNAPDRAGON,FALSE,128,90,8
XIAOMI,59990,TRUE,SNAPDRAGON,TRUE,128,120,8
IQOO,34990,TRUE,SNAPDRAGON,FALSE,128,120,8
OPPO,89990,TRUE,DIMENSITY,TRUE,128,120,8
ONEPLUS,50999,TRUE,SNAPDRAGON,TRUE,256,120,12
TECNO,7999,FALSE,HELIO,FALSE,64,90,4
SAMSUNG,43999,TRUE,EXYNOS,TRUE,256,120,8
XIAOMI,18499,TRUE,DIMENSITY,FALSE,128,90,8
VIVO,32999,TRUE,SNAPDRAGON,FALSE,128,60,8
POCO,13499,FALSE,SNAPDRAGON,FALSE,64,120,6
SAMSUNG,35489,FALSE,EXYNOS,TRUE,128,120,8
GOOGLE,20120,FALSE,SNAPDRAGON,TRUE,64,60,6
SAMSUNG,42999,FALSE,EXYNOS,TRUE,128,60,8
REALME,24999,TRUE,DIMENSITY,FALSE,128,90,6
OPPO,20999,FALSE,SNAPDRAGON,FALSE,128,90,8
REALME,28994,TRUE,SNAPDRAGON,TRUE,128,120,8
SAMSUNG,48900,TRUE,EXYNOS,TRUE,128,120,8
SAMSUNG,22494,FALSE,SNAPDRAGON,FALSE,128,60,8
VIVO,8990,FALSE,HELIO,FALSE,32,60,3
TECNO,8890,FALSE,UNISOC,FALSE,64,90,4
IQOO,18498,TRUE,SNAPDRAGON,FALSE,128,120,8
VIVO,23999,TRUE,SNAPDRAGON,FALSE,128,90,6
REALME,22994,TRUE,DIMENSITY,FALSE,128,90,8
SAMSUNG,12990,FALSE,EXYNOS,FALSE,64,90,4
REALME,14999,FALSE,SNAPDRAGON,FALSE,128,90,6
REALME,18499,TRUE,DIMENSITY,FALSE,128,90,8
OPPO,14990,FALSE,SNAPDRAGON,FALSE,128,60,6
OPPO,70990,TRUE,DIMENSITY,TRUE,256,120,8
SAMSUNG,12120,FALSE,HELIO,FALSE,64,90,4
OUKITEL,29990,FALSE,HELIO,TRUE,256,60,8
REALME,20999,TRUE,SNAPDRAGON,FALSE,128,120,8
XIAOMI,11999,FALSE,SNAPDRAGON,FALSE,128,60,6
SAMSUNG,17990,TRUE,DIMENSITY,TRUE,64,90,4
XIAOMI,14990,TRUE,DIMENSITY,FALSE,128,90,4
REALME,34999,TRUE,SNAPDRAGON,TRUE,128,120,8
REALME,13999,FALSE,SNAPDRAGON,FALSE,128,90,4
XIAOMI,16999,TRUE,DIMENSITY,FALSE,64,90,6
OPPO,36760,TRUE,DIMENSITY,TRUE,256,90,12
XIAOMI,23499,TRUE,DIMENSITY,FALSE,128,120,6
ASUS,75990,TRUE,SNAPDRAGON,TRUE,256,165,18
OPPO,21990,TRUE,SNAPDRAGON,FALSE,128,90,6
REALME,18999,TRUE,SNAPDRAGON,FALSE,128,144,6
SAMSUNG,7249,FALSE,UNISOC,FALSE,32,60,3
ONEPLUS,16990,TRUE,SNAPDRAGON,TRUE,64,90,4
XIAOMI,23890,TRUE,SNAPDRAGON,FALSE,128,120,6
OPPO,26380,TRUE,DIMENSITY,TRUE,128,90,8
REALME,27999,TRUE,SNAPDRAGON,TRUE,256,90,12
XIAOMI,10850,FALSE,HELIO,FALSE,128,60,6
REDMI,19999,TRUE,SNAPDRAGON,TRUE,128,120,6
MOTOROLA,19990,TRUE,SNAPDRAGON,TRUE,128,120,6
HONOR,39990,TRUE,SNAPDRAGON,TRUE,512,120,12
VIVO,36994,TRUE,DIMENSITY,FALSE,256,90,12
OPPO,14700,FALSE,HELIO,FALSE,128,60,6
XIAOMI,34990,TRUE,SNAPDRAGON,TRUE,128,120,8
XIAOMI,13990,FALSE,SNAPDRAGON,FALSE,64,60,4
VERTU,650000,FALSE,SNAPDRAGON,TRUE,64,60,2
SAMSUNG,14859,FALSE,HELIO,FALSE,128,90,6
TECNO,17999,FALSE,HELIO,TRUE,128,120,8
POCO,34990,TRUE,SNAPDRAGON,TRUE,128,120,8
BLU,14990,TRUE,DIMENSITY,TRUE,128,60,8
OPPO,8999,FALSE,HELIO,FALSE,32,60,3
MOTOROLA,8999,FALSE,HELIO,FALSE,64,90,4
XIAOMI,15824,FALSE,HELIO,FALSE,128,90,8
SAMSUNG,22494,FALSE,SNAPDRAGON,FALSE,128,90,8
POCO,19650,FALSE,SNAPDRAGON,FALSE,128,120,6
XIAOMI,6999,FALSE,HELIO,FALSE,32,60,2
SAMSUNG,16499,FALSE,HELIO,FALSE,128,90,6
MOTOROLA,15999,FALSE,HELIO,TRUE,128,90,4
ASUS,72999,TRUE,DIMENSITY,TRUE,256,165,16
XIAOMI,26999,TRUE,DIMENSITY,FALSE,128,120,6
REALME,12787,FALSE,TIGER,FALSE,128,90,4
INFINIX,9999,FALSE,HELIO,FALSE,64,90,4
VIVO,54999,TRUE,DIMENSITY,FALSE,128,120,8
VIVO,15490,FALSE,HELIO,FALSE,128,60,8
TECNO,25999,FALSE,HELIO,FALSE,256,90,8
SAMSUNG,9499,FALSE,HELIO,FALSE,128,60,4
REDMI,7999,FALSE,HELIO,FALSE,64,60,4
ASUS,63990,TRUE,SNAPDRAGON,TRUE,128,120,8
SONY,15990,FALSE,HELIO,TRUE,64,60,4
IQOO,34949,TRUE,SNAPDRAGON,TRUE,256,120,12
TECNO,8799,FALSE,HELIO,FALSE,64,60,4
XIAOMI,12390,FALSE,HELIO,FALSE,64,90,4
SAMSUNG,11499,FALSE,HELIO,FALSE,64,90,4
OPPO,42990,TRUE,DIMENSITY,TRUE,256,120,16
NUBIA,34999,TRUE,SNAPDRAGON,TRUE,128,144,8
SAMSUNG,11999,FALSE,EXYNOS,TRUE,128,60,4
NOKIA,10499,FALSE,UNISOC,FALSE,64,90,4
INFINIX,8910,FALSE,TIGER,FALSE,64,90,4
VIVO,24990,TRUE,SNAPDRAGON,FALSE,128,120,8
OPPO,17999,TRUE,SNAPDRAGON,TRUE,128,60,8
XIAOMI,22999,TRUE,SNAPDRAGON,TRUE,128,90,8
INFINIX,21990,TRUE,HELIO,FALSE,128,120,8
SAMSUNG,12364,FALSE,HELIO,FALSE,64,90,4
SAMSUNG,39990,TRUE,SNAPDRAGON,TRUE,128,120,6
XIAOMI,11999,FALSE,SNAPDRAGON,FALSE,64,60,6
LYF,3990,FALSE,SNAPDRAGON,FALSE,32,60,3
MOTOROLA,10499,FALSE,TIGER,FALSE,64,60,2
HUAWEI,239999,FALSE,SNAPDRAGON,TRUE,512,120,12
SAMSUNG,21999,TRUE,DIMENSITY,TRUE,128,60,6
IQOO,15999,FALSE,SNAPDRAGON,FALSE,128,120,6
SONY,69990,TRUE,SNAPDRAGON,TRUE,128,120,8
VIVO,12990,FALSE,HELIO,FALSE,128,60,4
TECNO,15999,FALSE,HELIO,FALSE,256,90,8
HUAWEI,23999,FALSE,SNAPDRAGON,TRUE,256,90,8
VIVO,12999,FALSE,SNAPDRAGON,FALSE,128,90,4
NUBIA,60990,TRUE,SNAPDRAGON,TRUE,256,120,12
MOTOROLA,8859,FALSE,HELIO,FALSE,64,90,4
IQOO,33749,TRUE,SNAPDRAGON,FALSE,256,120,12
POCO,24990,TRUE,DIMENSITY,TRUE,128,144,8
REALME,14999,TRUE,DIMENSITY,FALSE,128,90,4
VIVO,17990,TRUE,DIMENSITY,FALSE,128,120,6
HONOR,24990,TRUE,DIMENSITY,FALSE,128,120,8
XIAOMI,11600,FALSE,HELIO,FALSE,64,90,4
REALME,8299,FALSE,TIGER,FALSE,32,60,3
MOTOROLA,11999,FALSE,HELIO,FALSE,128,60,6
SAMSUNG,89999,TRUE,SNAPDRAGON,TRUE,128,120,8
ONEPLUS,27999,FALSE,SNAPDRAGON,TRUE,128,60,8
GOOGLE,15990,FALSE,SNAPDRAGON,TRUE,128,60,4
XIAOMI,7289,FALSE,HELIO,FALSE,32,60,2
HONOR,30990,TRUE,SNAPDRAGON,TRUE,256,120,8
REALME,15499,FALSE,HELIO,FALSE,128,120,6
VIVO,8499,FALSE,HELIO,FALSE,32,60,3
SAMSUNG,14490,FALSE,HELIO,FALSE,128,90,6
SAMSUNG,15490,TRUE,DIMENSITY,FALSE,128,90,6
REALME,14990,TRUE,SNAPDRAGON,FALSE,128,120,6
POCO,15999,TRUE,DIMENSITY,FALSE,64,90,4
GOOGLE,36000,TRUE,SNAPDRAGON,TRUE,128,90,8
XIAOMI,26990,TRUE,DIMENSITY,TRUE,256,120,8
SAMSUNG,10630,FALSE,EXYNOS,FALSE,64,60,4
OPPO,42990,TRUE,DIMENSITY,TRUE,256,120,8
VIVO,24990,TRUE,DIMENSITY,FALSE,128,90,8
IQOO,14489,FALSE,SNAPDRAGON,FALSE,128,120,4
OPPO,16490,FALSE,SNAPDRAGON,FALSE,128,90,6
REALME,24494,TRUE,DIMENSITY,FALSE,256,90,8
VIVO,7999,FALSE,HELIO,FALSE,32,60,2
MOTOROLA,23990,TRUE,SNAPDRAGON,FALSE,128,144,6
REALME,49959,TRUE,SNAPDRAGON,TRUE,128,120,8
APPLE,129900,TRUE,BIONIC,TRUE,256,120,6
VIVO,19990,FALSE,HELIO,FALSE,128,60,8
VIVO,23269,FALSE,SNAPDRAGON,FALSE,128,60,8
XIAOMI,13999,FALSE,SNAPDRAGON,FALSE,64,60,4
ONEPLUS,35389,TRUE,DIMENSITY,TRUE,128,120,8
NOKIA,9499,FALSE,UNISOC,FALSE,32,60,3
INFINIX,12340,FALSE,TIGER,FALSE,128,90,8
POCO,10799,FALSE,HELIO,FALSE,64,90,4
XIAOMI,14990,FALSE,SNAPDRAGON,FALSE,128,60,4
ZTE,61990,TRUE,SNAPDRAGON,TRUE,128,120,8
OPPO,16990,FALSE,SNAPDRAGON,FALSE,128,90,8
HUAWEI,19990,FALSE,SNAPDRAGON,TRUE,128,90,8
SAMSUNG,57999,TRUE,SNAPDRAGON,TRUE,256,120,8
LENOVO,46990,TRUE,SNAPDRAGON,TRUE,256,144,12
VIVO,20990,TRUE,DIMENSITY,TRUE,128,60,4
NOKIA,17990,TRUE,SNAPDRAGON,TRUE,128,60,6
REALME,17499,TRUE,DIMENSITY,FALSE,128,90,8
REALME,17999,TRUE,DIMENSITY,FALSE,128,90,6
POCO,14999,TRUE,SNAPDRAGON,FALSE,128,120,4
XIAOMI,19980,FALSE,SNAPDRAGON,FALSE,128,120,6
IQOO,35990,TRUE,SNAPDRAGON,TRUE,256,120,12
REALME,15999,FALSE,HELIO,FALSE,128,60,4
SAMSUNG,41999,FALSE,EXYNOS,TRUE,128,120,8
XIAOMI,25999,TRUE,DIMENSITY,TRUE,128,120,8
MOTOROLA,7990,FALSE,HELIO,FALSE,32,90,3
ONEPLUS,29990,TRUE,DIMENSITY,TRUE,128,90,8
OPPO,27990,TRUE,SNAPDRAGON,FALSE,128,90,8
POCO,29999,TRUE,SNAPDRAGON,TRUE,128,120,8
OPPO,8999,FALSE,HELIO,FALSE,64,60,4
POCO,13999,FALSE,HELIO,FALSE,128,90,8
REALME,11499,FALSE,HELIO,FALSE,64,60,4
ASUS,39999,TRUE,SNAPDRAGON,TRUE,128,144,8
REALME,27999,TRUE,SNAPDRAGON,TRUE,128,120,8
SAMSUNG,24499,TRUE,DIMENSITY,TRUE,128,90,6
NUBIA,60999,TRUE,SNAPDRAGON,TRUE,256,120,12
SAMSUNG,110999,TRUE,SNAPDRAGON,TRUE,256,120,12
LG,54999,TRUE,SNAPDRAGON,TRUE,128,60,8
XIAOMI,16490,FALSE,SNAPDRAGON,FALSE,64,60,6
SAMSUNG,24990,FALSE,SNAPDRAGON,FALSE,128,90,6
SAMSUNG,9950,FALSE,HELIO,FALSE,64,60,3
OPPO,12999,TRUE,DIMENSITY,FALSE,128,60,8
OPPO,19999,FALSE,HELIO,TRUE,256,120,8
OPPO,32999,TRUE,SNAPDRAGON,TRUE,256,120,8
NOKIA,28498,TRUE,SNAPDRAGON,TRUE,128,120,6
OPPO,15998,FALSE,HELIO,FALSE,128,60,4
MOTOROLA,59990,TRUE,SNAPDRAGON,TRUE,128,165,8
OPPO,16990,TRUE,SNAPDRAGON,FALSE,128,120,6
IQOO,27999,TRUE,SNAPDRAGON,FALSE,256,90,12
NOKIA,13499,FALSE,UNISOC,FALSE,128,90,6
SAMSUNG,16499,FALSE,,FALSE,128,60,6
OPPO,10999,FALSE,HELIO,FALSE,64,60,4
XIAOMI,13990,FALSE,SNAPDRAGON,FALSE,64,60,4
TECNO,9999,FALSE,HELIO,FALSE,64,90,4
REALME,31994,TRUE,DIMENSITY,TRUE,128,120,8
XIAOMI,24820,TRUE,DIMENSITY,FALSE,128,120,6
IQOO,22990,TRUE,SNAPDRAGON,FALSE,128,120,8
IQOO,59990,TRUE,SNAPDRAGON,TRUE,256,120,8
REALME,8999,FALSE,UNISOC,FALSE,64,60,4
XIAOMI,10499,FALSE,HELIO,FALSE,128,60,6
XIAOMI,9990,FALSE,HELIO,FALSE,64,60,4
XIAOMI,12490,TRUE,DIMENSITY,FALSE,128,90,4
VIVO,13990,FALSE,HELIO,FALSE,64,60,4
SAMSUNG,17990,TRUE,DIMENSITY,FALSE,128,90,6
VIVO,24999,FALSE,DIMENSITY,FALSE,128,90,8
REALME,21999,FALSE,SNAPDRAGON,FALSE,128,60,8
ONEPLUS,19999,FALSE,SNAPDRAGON,FALSE,128,90,8
APPLE,109900,FALSE,BIONIC,TRUE,64,60,4
SONY,19990,FALSE,SNAPDRAGON,TRUE,128,120,8
SAMSUNG,11499,FALSE,HELIO,FALSE,128,60,4
XIAOMI,13999,FALSE,HELIO,FALSE,64,120,4
VIVO,28990,TRUE,SNAPDRAGON,FALSE,256,120,8
POCO,27999,TRUE,SNAPDRAGON,TRUE,128,120,8
XIAOMI,19990,TRUE,DIMENSITY,TRUE,128,144,6
REALME,22999,TRUE,DIMENSITY,FALSE,128,90,8
VIVO,17999,FALSE,SNAPDRAGON,FALSE,128,60,8
XIAOMI,15499,FALSE,HELIO,FALSE,128,90,6
LAVA,17990,TRUE,DIMENSITY,FALSE,128,90,8
REALME,13999,FALSE,HELIO,FALSE,128,120,6
OPPO,13499,FALSE,HELIO,FALSE,64,60,4
POCO,14799,TRUE,DIMENSITY,FALSE,128,90,6
REALME,6999,FALSE,UNISOC,FALSE,32,60,3
OPPO,11999,FALSE,HELIO,FALSE,64,60,4
VIVO,23994,TRUE,DIMENSITY,FALSE,128,90,8
SONY,69999,TRUE,SNAPDRAGON,TRUE,256,60,8
MOTOROLA,57999,TRUE,SNAPDRAGON,TRUE,256,90,12
SAMSUNG,86000,FALSE,EXYNOS,TRUE,256,60,8
SAMSUNG,11999,FALSE,HELIO,FALSE,64,60,4
XIAOMI,14999,FALSE,SNAPDRAGON,TRUE,128,120,6
REALME,26499,TRUE,SNAPDRAGON,FALSE,128,120,8
REALME,8990,FALSE,UNISOC,FALSE,64,60,4
APPLE,95999,TRUE,BIONIC,TRUE,512,60,6
IQOO,47990,TRUE,SNAPDRAGON,TRUE,128,120,8
TECNO,17990,FALSE,HELIO,FALSE,128,120,8
ONEPLUS,22999,TRUE,SNAPDRAGON,TRUE,128,120,8
POCO,39999,TRUE,SNAPDRAGON,TRUE,128,120,8
XIAOMI,38999,TRUE,SNAPDRAGON,TRUE,256,120,12
VIVO,12490,FALSE,HELIO,FALSE,128,60,4
SAMSUNG,39990,TRUE,SNAPDRAGON,TRUE,128,120,6
VIVO,16685,FALSE,HELIO,FALSE,128,60,8
MICROMAX,6999,FALSE,UNISOC,FALSE,64,60,4
ASUS,71999,TRUE,SNAPDRAGON,TRUE,256,165,12
REALME,26999,TRUE,DIMENSITY,TRUE,128,120,8
REALME,16499,TRUE,DIMENSITY,FALSE,128,90,4
OPPO,17990,TRUE,DIMENSITY,FALSE,128,60,6
XIAOMI,8999,FALSE,HELIO,FALSE,64,60,4
APPLE,39900,FALSE,BIONIC,TRUE,64,60,3
LETV,5999,FALSE,TIGER,FALSE,64,60,6
VIVO,16990,TRUE,DIMENSITY,FALSE,128,60,8
OPPO,22990,TRUE,SNAPDRAGON,TRUE,128,120,8
VIVO,19990,FALSE,HELIO,FALSE,256,90,8
INFINIX,10850,FALSE,TIGER,FALSE,64,90,6
REALME,13499,TRUE,DIMENSITY,FALSE,64,90,4
ITEL,6699,FALSE,UNISOC,FALSE,64,60,3
OPPO,17999,FALSE,SNAPDRAGON,FALSE,128,90,8
XIAOMI,13990,TRUE,DIMENSITY,FALSE,128,90,4
TECNO,8968,FALSE,HELIO,FALSE,64,60,4
INFINIX,7320,FALSE,HELIO,FALSE,64,60,2
REALME,8999,FALSE,TIGER,FALSE,64,60,4
SAMSUNG,13999,FALSE,HELIO,FALSE,128,60,6
TECNO,14746,FALSE,HELIO,TRUE,128,60,6
XIAOMI,16999,TRUE,DIMENSITY,TRUE,128,120,6
XIAOMI,25990,TRUE,SNAPDRAGON,FALSE,128,120,8
XIAOMI,16499,FALSE,SNAPDRAGON,FALSE,128,60,6
XIAOMI,19999,FALSE,SNAPDRAGON,FALSE,64,120,6
XIAOMI,23500,TRUE,SNAPDRAGON,TRUE,128,144,6
LG,54999,TRUE,SNAPDRAGON,TRUE,128,60,6
MOTOROLA,19499,FALSE,SNAPDRAGON,FALSE,128,60,6
SAMSUNG,39999,FALSE,EXYNOS,TRUE,128,60,6
SAMSUNG,92999,TRUE,EXYNOS,TRUE,256,60,12
IQOO,32990,TRUE,SNAPDRAGON,TRUE,256,120,8
SAMSUNG,14499,FALSE,EXYNOS,FALSE,128,90,4
VIVO,13999,TRUE,DIMENSITY,FALSE,128,60,4
XIAOMI,12990,TRUE,DIMENSITY,FALSE,128,90,4
POCO,19990,TRUE,DIMENSITY,FALSE,128,120,8
OPPO,23990,TRUE,DIMENSITY,FALSE,256,90,12
SAMSUNG,17999,FALSE,EXYNOS,FALSE,64,60,6
INFINIX,16999,FALSE,HELIO,FALSE,128,60,6
HONOR,9999,TRUE,SNAPDRAGON,FALSE,128,60,4
INFINIX,8299,FALSE,HELIO,FALSE,64,60,3
SONY,82199,TRUE,SNAPDRAGON,TRUE,256,120,8
NUBIA,49990,TRUE,SNAPDRAGON,TRUE,128,144,8
NOKIA,11999,FALSE,UNISOC,FALSE,64,90,4
XIAOMI,29990,TRUE,SNAPDRAGON,TRUE,128,120,6
APPLE,139900,TRUE,BIONIC,TRUE,256,120,6
VIVO,14990,FALSE,HELIO,FALSE,128,60,4
OPPO,15988,FALSE,SNAPDRAGON,FALSE,128,60,6
SAMSUNG,11725,FALSE,EXYNOS,FALSE,64,60,4
OPPO,17994,FALSE,HELIO,FALSE,128,60,8
OPPO,134999,FALSE,SNAPDRAGON,FALSE,256,60,8
ONEPLUS,25595,TRUE,SNAPDRAGON,TRUE,128,90,6
GIONEE,7499,FALSE,HELIO,FALSE,128,60,6
POCO,10890,FALSE,HELIO,FALSE,64,60,6
OPPO,18990,FALSE,HELIO,FALSE,128,60,8
MOTOROLA,19990,TRUE,SNAPDRAGON,TRUE,128,60,6
SAMSUNG,15990,FALSE,EXYNOS,TRUE,128,60,4
SAMSUNG,58999,FALSE,EXYNOS,TRUE,256,60,12
VIVO,12500,FALSE,HELIO,FALSE,64,60,4
VIVO,29999,FALSE,SNAPDRAGON,FALSE,128,60,8
VIVO,31990,TRUE,SNAPDRAGON,FALSE,256,120,8
VIVO,29999,TRUE,DIMENSITY,TRUE,128,90,8
MOTOROLA,31990,TRUE,SNAPDRAGON,TRUE,128,120,8
XIAOMI,48990,TRUE,DIMENSITY,TRUE,128,120,8
HUAWEI,99990,TRUE,KIRIN,TRUE,256,120,8
REALME,9499,FALSE,TIGER,FALSE,64,60,4
HUAWEI,162990,FALSE,SNAPDRAGON,TRUE,512,120,8
IQOO,24999,TRUE,SNAPDRAGON,FALSE,128,144,6
INFINIX,15999,FALSE,HELIO,FALSE,128,120,8
TECNO,8999,FALSE,HELIO,FALSE,64,60,4
OPPO,17990,TRUE,DIMENSITY,FALSE,128,60,6
XIAOMI,12999,FALSE,HELIO,FALSE,128,90,6
HUAWEI,29990,FALSE,SNAPDRAGON,TRUE,128,120,8
XIAOMI,27990,TRUE,DIMENSITY,TRUE,128,120,8
REALME,14999,TRUE,SNAPDRAGON,FALSE,128,120,6
OPPO,44990,TRUE,SNAPDRAGON,TRUE,128,90,8
MOTOROLA,22490,TRUE,SNAPDRAGON,TRUE,128,90,6
POCO,11499,FALSE,SNAPDRAGON,FALSE,64,60,6
VIVO,27000,TRUE,SNAPDRAGON,FALSE,128,60,8
XIAOMI,29999,TRUE,SNAPDRAGON,TRUE,128,144,8
VIVO,27990,FALSE,SNAPDRAGON,FALSE,256,60,8
SAMSUNG,74999,TRUE,EXYNOS,TRUE,128,60,8
VIVO,9990,FALSE,SNAPDRAGON,FALSE,64,60,4
OPPO,19990,FALSE,SNAPDRAGON,FALSE,128,60,8
REALME,13279,FALSE,SNAPDRAGON,FALSE,64,60,4
VIVO,11000,FALSE,HELIO,FALSE,64,60,3
XIAOMI,12999,FALSE,SNAPDRAGON,FALSE,128,60,6
POCO,7299,FALSE,HELIO,FALSE,32,60,3
IKALL,7999,FALSE,,FALSE,32,60,4
XIAOMI,54990,TRUE,SNAPDRAGON,TRUE,128,120,8
TECNO,15499,FALSE,DIMENSITY,FALSE,128,120,4
VIVO,18990,TRUE,DIMENSITY,FALSE,128,120,8
MOTOROLA,16999,TRUE,SNAPDRAGON,TRUE,64,90,4
MOTOROLA,34999,TRUE,SNAPDRAGON,TRUE,128,144,8
REALME,46999,TRUE,SNAPDRAGON,TRUE,256,120,12
VIVO,8499,FALSE,HELIO,FALSE,32,60,3
HONOR,16999,FALSE,SNAPDRAGON,FALSE,128,90,6
SAMSUNG,11499,FALSE,UNISOC,FALSE,64,60,4
SAMSUNG,88999,TRUE,SNAPDRAGON,TRUE,256,120,8
VIVO,15990,FALSE,SNAPDRAGON,FALSE,128,90,8
XIAOMI,24990,TRUE,DIMENSITY,FALSE,128,120,8
TECNO,6249,FALSE,,FALSE,32,60,2
VIVO,12499,FALSE,SNAPDRAGON,FALSE,64,60,3
XIAOMI,6499,FALSE,HELIO,FALSE,32,60,2
APPLE,179900,TRUE,BIONIC,TRUE,1024,120,6
VIVO,11990,FALSE,SNAPDRAGON,FALSE,64,60,3
VIVO,26990,FALSE,HELIO,FALSE,128,60,8
SAMSUNG,13499,FALSE,HELIO,FALSE,128,90,6
MICROMAX,5999,FALSE,TIGER,FALSE,32,60,3
SAMSUNG,8499,FALSE,HELIO,FALSE,32,60,3
OPPO,11990,FALSE,HELIO,FALSE,128,60,4
XIAOMI,10990,TRUE,DIMENSITY,FALSE,128,90,4
REALME,16999,TRUE,DIMENSITY,TRUE,128,90,6
OPPO,12199,FALSE,HELIO,FALSE,64,60,4
OPPO,11490,FALSE,HELIO,FALSE,128,60,4
XIAOMI,11499,FALSE,SNAPDRAGON,FALSE,64,60,4
SAMSUNG,59450,TRUE,EXYNOS,TRUE,128,120,8
POCO,12799,FALSE,SNAPDRAGON,FALSE,64,60,4
SAMSUNG,83000,FALSE,EXYNOS,TRUE,128,120,8
REALME,14490,FALSE,SNAPDRAGON,FALSE,64,90,6
VIVO,9490,FALSE,SNAPDRAGON,FALSE,32,60,3
VIVO,25000,FALSE,SNAPDRAGON,FALSE,128,60,8
VIVO,15000,FALSE,SNAPDRAGON,FALSE,64,60,4
VIVO,20990,FALSE,HELIO,FALSE,128,60,4
SAMSUNG,34999,FALSE,EXYNOS,TRUE,128,60,6
REALME,29999,TRUE,SNAPDRAGON,FALSE,128,144,8
VIVO,11999,TRUE,DIMENSITY,FALSE,128,60,4
SAMSUNG,12999,FALSE,HELIO,FALSE,128,60,4
LEITZ,124990,TRUE,SNAPDRAGON,TRUE,256,240,12
XIAOMI,28999,TRUE,DIMENSITY,FALSE,128,120,8
INFINIX,12999,FALSE,HELIO,FALSE,128,60,8
REALME,28499,TRUE,SNAPDRAGON,FALSE,256,120,8
APPLE,104999,TRUE,BIONIC,TRUE,512,60,6
XIAOMI,17990,TRUE,SNAPDRAGON,FALSE,128,120,6
XIAOMI,13774,FALSE,HELIO,FALSE,128,90,6
NOKIA,8999,FALSE,UNISOC,FALSE,64,60,4
ONEPLUS,18990,TRUE,DIMENSITY,TRUE,64,90,4
TECNO,14999,FALSE,HELIO,TRUE,128,90,6
REALME,7999,FALSE,TIGER,FALSE,32,60,3
XIAOMI,39999,TRUE,SNAPDRAGON,TRUE,128,144,8
OPPO,11990,FALSE,HELIO,FALSE,64,60,3
INFINIX,12999,FALSE,HELIO,FALSE,128,60,6
VIVO,59999,TRUE,DIMENSITY,FALSE,256,120,12
INFINIX,16999,FALSE,HELIO,FALSE,128,60,8
XIAOMI,13990,TRUE,DIMENSITY,FALSE,128,90,4
XIAOMI,17999,FALSE,HELIO,FALSE,128,120,6
REALME,11399,FALSE,TIGER,FALSE,64,60,4
VIVO,19990,TRUE,DIMENSITY,FALSE,128,60,8
VIVO,15499,FALSE,SNAPDRAGON,FALSE,128,90,4
XIAOMI,12499,FALSE,SNAPDRAGON,FALSE,128,60,4
APPLE,91999,TRUE,BIONIC,TRUE,512,60,4
INFINIX,9690,FALSE,HELIO,FALSE,64,90,4
REALME,32990,TRUE,SNAPDRAGON,TRUE,128,120,8
XIAOMI,42990,TRUE,SNAPDRAGON,TRUE,128,120,8
XIAOMI,18699,FALSE,SNAPDRAGON,FALSE,128,90,8
REALME,10990,TRUE,DIMENSITY,FALSE,128,60,4
XIAOMI,30990,TRUE,SNAPDRAGON,FALSE,128,120,8
LENOVO,59999,TRUE,SNAPDRAGON,TRUE,512,144,16
SAMSUNG,23999,FALSE,EXYNOS,TRUE,128,60,6
REALME,9999,TRUE,DIMENSITY,FALSE,128,60,4
XIAOMI,9299,FALSE,HELIO,FALSE,128,60,4
REALME,12989,FALSE,HELIO,FALSE,64,90,6
OPPO,29990,TRUE,SNAPDRAGON,FALSE,128,60,8
OPPO,12490,FALSE,HELIO,FALSE,128,60,6
SONY,27999,FALSE,SNAPDRAGON,TRUE,128,90,4
HUAWEI,21990,FALSE,KIRIN,FALSE,128,60,8
VIVO,20000,FALSE,HELIO,FALSE,128,60,4
VIVO,11990,FALSE,SNAPDRAGON,FALSE,64,60,6
XIAOMI,11989,FALSE,HELIO,FALSE,64,60,4
XIAOMI,11490,FALSE,SNAPDRAGON,FALSE,64,60,4
MOTOROLA,11490,FALSE,HELIO,FALSE,64,60,4
GOOGLE,15999,FALSE,SNAPDRAGON,TRUE,64,60,4
SAMSUNG,17990,FALSE,EXYNOS,FALSE,64,60,4
SAMSUNG,78990,TRUE,EXYNOS,TRUE,256,60,8
HUAWEI,10949,FALSE,KIRIN,FALSE,64,60,4
XIAOMI,10300,FALSE,SNAPDRAGON,FALSE,64,60,4
DOOGEE,45999,TRUE,DIMENSITY,FALSE,256,120,12
VIVO,32990,TRUE,SNAPDRAGON,FALSE,256,120,8
POCO,14499,FALSE,HELIO,FALSE,128,90,6
NOKIA,41990,TRUE,SNAPDRAGON,TRUE,128,90,6
TECNO,13990,FALSE,HELIO,FALSE,128,90,6
VIVO,10490,FALSE,HELIO,FALSE,64,60,3
HUAWEI,29990,FALSE,SNAPDRAGON,FALSE,128,120,8
HUAWEI,22990,FALSE,SNAPDRAGON,TRUE,128,90,8
SAMSUNG,47990,TRUE,DIMENSITY,FALSE,128,60,8
INFINIX,19999,FALSE,HELIO,FALSE,128,120,8
ONEPLUS,29999,TRUE,SNAPDRAGON,TRUE,128,120,8
REALME,11879,FALSE,TIGER,FALSE,128,60,4
ONEPLUS,28990,TRUE,DIMENSITY,TRUE,128,120,8
IQOO,39990,TRUE,SNAPDRAGON,FALSE,256,120,12
XIAOMI,15999,TRUE,DIMENSITY,FALSE,64,90,6
OPPO,22990,TRUE,SNAPDRAGON,FALSE,256,60,8
ROYOLE,149999,TRUE,SNAPDRAGON,FALSE,128,60,8
TECNO,11499,FALSE,HELIO,TRUE,128,90,4
TECNO,22999,FALSE,HELIO,FALSE,256,120,8
TECNO,7999,FALSE,HELIO,FALSE,64,60,4
REALME,31999,TRUE,SNAPDRAGON,TRUE,128,120,8
SONY,30990,TRUE,SNAPDRAGON,TRUE,64,60,6
REALME,7999,FALSE,HELIO,FALSE,32,60,3
TECNO,10999,FALSE,HELIO,FALSE,64,60,4
POCO,14990,TRUE,DIMENSITY,FALSE,128,120,6
MOTOROLA,14499,FALSE,SNAPDRAGON,FALSE,64,120,4
ONEPLUS,44999,TRUE,SNAPDRAGON,TRUE,128,120,8
REALME,17999,FALSE,HELIO,FALSE,128,60,8
REALME,19999,TRUE,DIMENSITY,FALSE,128,120,8
OPPO,38700,TRUE,DIMENSITY,FALSE,128,90,8
ONEPLUS,19999,FALSE,SNAPDRAGON,FALSE,64,60,4
SAMSUNG,10999,FALSE,EXYNOS,FALSE,64,90,4
ONEPLUS,16990,FALSE,SNAPDRAGON,FALSE,64,90,4
OPPO,9999,FALSE,HELIO,FALSE,32,60,3
XIAOMI,14439,FALSE,SNAPDRAGON,FALSE,128,60,4
OPPO,9990,FALSE,HELIO,FALSE,32,60,3
REALME,24999,TRUE,SNAPDRAGON,TRUE,128,90,8
XIAOMI,480000,FALSE,SNAPDRAGON,TRUE,256,60,8
XIAOMI,16999,FALSE,HELIO,FALSE,64,60,6
OPPO,15990,FALSE,HELIO,FALSE,32,60,3
VIVO,21999,TRUE,DIMENSITY,TRUE,128,60,4
LAVA,8999,FALSE,HELIO,FALSE,64,60,4
TECNO,20999,TRUE,DIMENSITY,TRUE,128,120,6
OPPO,32990,TRUE,DIMENSITY,TRUE,128,90,8
MOTOROLA,9022,FALSE,HELIO,FALSE,64,90,4
XIAOMI,8399,FALSE,HELIO,FALSE,32,60,3
INFINIX,9999,FALSE,HELIO,FALSE,64,60,3
TECNO,8390,FALSE,HELIO,FALSE,64,90,3
ZTE,19999,TRUE,SNAPDRAGON,TRUE,128,120,6
HONOR,13999,FALSE,HELIO,FALSE,64,60,4
XIAOMI,29999,TRUE,SNAPDRAGON,TRUE,128,120,8
TCL,8990,FALSE,HELIO,FALSE,32,60,3
NOTHING,24990,TRUE,SNAPDRAGON,TRUE,128,120,6
ONEPLUS,47990,TRUE,SNAPDRAGON,TRUE,256,120,12
REALME,40990,TRUE,SNAPDRAGON,TRUE,128,120,8
INFINIX,14999,FALSE,HELIO,FALSE,128,60,8
POCO,42999,TRUE,DIMENSITY,TRUE,128,120,8
IQOO,14999,TRUE,SNAPDRAGON,FALSE,128,120,4
VIVO,22990,FALSE,SNAPDRAGON,FALSE,128,120,8
OPPO,29990,TRUE,SNAPDRAGON,FALSE,128,120,8
TECNO,7399,FALSE,UNISOC,FALSE,64,90,3
IQOO,17999,TRUE,SNAPDRAGON,FALSE,128,120,8
INFINIX,12799,FALSE,HELIO,FALSE,128,60,6
XIAOMI,26999,TRUE,DIMENSITY,FALSE,128,120,8
SAMSUNG,22999,TRUE,DIMENSITY,FALSE,128,90,8
APPLE,147900,TRUE,BIONIC,TRUE,1024,120,6
NUBIA,44999,TRUE,SNAPDRAGON,TRUE,128,165,8
MICROMAX,7790,FALSE,UNISOC,FALSE,64,60,6
NOKIA,39990,TRUE,SNAPDRAGON,FALSE,128,144,6
VIVO,9999,FALSE,SNAPDRAGON,FALSE,32,60,3
OPPO,22990,TRUE,SNAPDRAGON,FALSE,128,90,6
POCO,32999,TRUE,DIMENSITY,FALSE,128,120,6
HONOR,32990,TRUE,SNAPDRAGON,TRUE,128,120,6
OPPO,14999,FALSE,HELIO,FALSE,128,60,6
REALME,12499,FALSE,HELIO,FALSE,64,120,4
IQOO,39990,TRUE,SNAPDRAGON,TRUE,128,120,8
REALME,6499,FALSE,SC9863A,FALSE,32,60,2
SAMSUNG,18499,FALSE,HELIO,FALSE,128,60,6
REALME,30994,TRUE,SNAPDRAGON,TRUE,128,120,8
GOOGLE,32999,TRUE,SNAPDRAGON,TRUE,128,60,6
SAMSUNG,10499,FALSE,EXYNOS,FALSE,64,90,4
SAMSUNG,19999,FALSE,EXYNOS,FALSE,128,60,6
SAMSUNG,17499,FALSE,EXYNOS,FALSE,128,60,6
XIAOMI,10990,FALSE,HELIO,FALSE,128,60,6
VIVO,19000,FALSE,SNAPDRAGON,FALSE,128,60,8
OPPO,13990,FALSE,SNAPDRAGON,FALSE,128,90,6
REALME,10499,FALSE,HELIO,FALSE,64,60,4
REALME,6490,FALSE,HELIO,FALSE,32,60,2
XIAOMI,54999,TRUE,SNAPDRAGON,TRUE,256,90,8
VIVO,9990,FALSE,SNAPDRAGON,FALSE,64,60,4
ONEPLUS,24999,FALSE,SNAPDRAGON,FALSE,128,90,8
SHARP,59990,FALSE,SNAPDRAGON,TRUE,256,60,12
SAMSUNG,9990,FALSE,,FALSE,32,60,2
SAMSUNG,39990,FALSE,SNAPDRAGON,TRUE,128,60,6
SAMSUNG,21490,FALSE,EXYNOS,FALSE,64,60,4
POCO,7999,FALSE,HELIO,FALSE,64,60,4
BLACKVIEW,8990,TRUE,HELIO,TRUE,64,60,4
HONOR,13999,FALSE,HELIO,FALSE,128,90,6
OPPO,13990,TRUE,DIMENSITY,FALSE,128,90,6
DOOGEE,14999,FALSE,HELIO,TRUE,128,60,8
MOTOROLA,42990,TRUE,SNAPDRAGON,TRUE,128,144,8
IKALL,6799,FALSE,,FALSE,64,60,4
OUKITEL,25899,FALSE,HELIO,TRUE,128,60,6
XIAOMI,54999,TRUE,SNAPDRAGON,TRUE,256,120,12
MOTOROLA,49990,TRUE,SNAPDRAGON,TRUE,128,144,8
XIAOMI,32990,TRUE,DIMENSITY,TRUE,256,120,8
REALME,8720,FALSE,TIGER,FALSE,64,60,4
OPPO,69990,TRUE,SNAPDRAGON,TRUE,256,120,8
MOTOROLA,34990,TRUE,SNAPDRAGON,FALSE,128,120,8
HONOR,14990,TRUE,SNAPDRAGON,FALSE,128,60,6
POCO,28990,TRUE,DIMENSITY,TRUE,256,144,8
MOTOROLA,19990,TRUE,SNAPDRAGON,TRUE,128,60,6
